,review_month,dominant_topic,sentiment_pred,count,share
0,2000-08-01,0,positive,1,1.0
1,2001-02-01,0,positive,1,1.0
2,2001-12-01,6,neutral,1,1.0
3,2002-10-01,0,positive,1,1.0
4,2003-05-01,0,neutral,1,1.0
5,2003-12-01,0,neutral,1,0.5
6,2003-12-01,0,positive,1,0.5
7,2004-08-01,6,negative,1,1.0
8,2004-09-01,4,positive,1,1.0
9,2004-09-01,8,positive,1,1.0
10,2004-10-01,0,neutral,1,1.0
11,2004-11-01,0,negative,1,1.0
12,2004-12-01,8,positive,1,1.0
13,2005-01-01,0,positive,1,1.0
14,2005-01-01,4,positive,1,1.0
15,2005-02-01,0,negative,1,1.0
16,2005-02-01,4,positive,1,1.0
17,2005-02-01,8,positive,1,1.0
18,2005-04-01,0,positive,1,1.0
19,2005-05-01,6,positive,1,1.0
20,2005-07-01,8,positive,1,1.0
21,2005-08-01,0,positive,2,1.0
22,2005-10-01,0,negative,1,1.0
23,2005-12-01,0,positive,1,1.0
24,2006-01-01,0,positive,1,1.0
25,2006-02-01,0,positive,1,1.0
26,2006-02-01,6,positive,1,1.0
27,2006-05-01,0,positive,2,1.0
28,2006-05-01,4,negative,1,1.0
29,2006-07-01,0,neutral,1,1.0
30,2006-08-01,0,neutral,1,1.0
31,2006-08-01,2,negative,2,1.0
32,2006-08-01,4,positive,1,1.0
33,2006-08-01,8,positive,1,1.0
34,2006-11-01,8,positive,1,1.0
35,2006-12-01,0,neutral,1,0.5
36,2006-12-01,0,positive,1,0.5
37,2006-12-01,4,positive,1,1.0
38,2006-12-01,8,negative,1,1.0
39,2007-01-01,0,neutral,2,0.5
40,2007-01-01,0,positive,2,0.5
41,2007-01-01,2,positive,2,1.0
42,2007-01-01,4,negative,1,0.5
43,2007-01-01,4,positive,1,0.5
44,2007-01-01,8,positive,4,1.0
45,2007-02-01,0,positive,2,1.0
46,2007-02-01,4,negative,1,1.0
47,2007-03-01,0,negative,3,0.6
48,2007-03-01,0,positive,2,0.4
49,2007-03-01,4,negative,1,0.5
50,2007-03-01,4,positive,1,0.5
51,2007-03-01,6,positive,1,1.0
52,2007-03-01,8,positive,2,1.0
53,2007-04-01,4,positive,1,1.0
54,2007-04-01,8,positive,1,1.0
55,2007-05-01,0,negative,1,0.3333333333333333
56,2007-05-01,0,positive,2,0.6666666666666666
57,2007-06-01,0,negative,1,0.3333333333333333
58,2007-06-01,0,positive,2,0.6666666666666666
59,2007-06-01,4,neutral,1,1.0
60,2007-07-01,8,positive,1,1.0
61,2007-08-01,0,negative,1,0.3333333333333333
62,2007-08-01,0,neutral,1,0.3333333333333333
63,2007-08-01,0,positive,1,0.3333333333333333
64,2007-08-01,2,positive,1,1.0
65,2007-09-01,4,positive,2,1.0
66,2007-09-01,6,positive,1,1.0
67,2007-09-01,8,positive,1,1.0
68,2007-10-01,0,positive,1,1.0
69,2007-10-01,8,positive,1,1.0
70,2007-11-01,0,positive,1,1.0
71,2007-11-01,6,positive,1,1.0
72,2007-12-01,0,neutral,1,0.3333333333333333
73,2007-12-01,0,positive,2,0.6666666666666666
74,2007-12-01,4,positive,1,1.0
75,2007-12-01,6,negative,1,1.0
76,2008-01-01,0,positive,3,1.0
77,2008-01-01,6,negative,1,1.0
78,2008-01-01,8,positive,1,1.0
79,2008-02-01,0,positive,3,1.0
80,2008-03-01,0,neutral,1,0.25
81,2008-03-01,0,positive,3,0.75
82,2008-04-01,0,negative,2,0.6666666666666666
83,2008-04-01,0,positive,1,0.3333333333333333
84,2008-04-01,2,positive,2,1.0
85,2008-05-01,6,positive,1,1.0
86,2008-06-01,0,negative,1,0.2
87,2008-06-01,0,neutral,1,0.2
88,2008-06-01,0,positive,3,0.6
89,2008-06-01,2,positive,1,1.0
90,2008-06-01,4,positive,1,1.0
91,2008-07-01,0,positive,1,1.0
92,2008-07-01,4,positive,1,1.0
93,2008-08-01,0,positive,1,1.0
94,2008-08-01,2,positive,1,1.0
95,2008-08-01,4,positive,2,1.0
96,2008-08-01,6,positive,1,1.0
97,2008-08-01,8,positive,1,1.0
98,2008-09-01,0,negative,1,0.25
99,2008-09-01,0,neutral,1,0.25
100,2008-09-01,0,positive,2,0.5
101,2008-09-01,2,negative,1,1.0
102,2008-10-01,0,negative,2,0.3333333333333333
103,2008-10-01,0,neutral,1,0.16666666666666666
104,2008-10-01,0,positive,3,0.5
105,2008-10-01,4,positive,2,1.0
106,2008-10-01,6,positive,1,1.0
107,2008-11-01,0,neutral,1,0.3333333333333333
108,2008-11-01,0,positive,2,0.6666666666666666
109,2008-12-01,0,negative,1,0.5
110,2008-12-01,0,positive,1,0.5
111,2008-12-01,2,positive,1,1.0
112,2008-12-01,4,negative,1,0.5
113,2008-12-01,4,positive,1,0.5
114,2008-12-01,8,neutral,1,1.0
115,2009-01-01,0,neutral,1,0.3333333333333333
116,2009-01-01,0,positive,2,0.6666666666666666
117,2009-01-01,4,neutral,1,0.3333333333333333
118,2009-01-01,4,positive,2,0.6666666666666666
119,2009-01-01,8,positive,1,1.0
120,2009-02-01,0,positive,4,1.0
121,2009-02-01,2,positive,1,1.0
122,2009-02-01,4,positive,3,1.0
123,2009-02-01,6,positive,2,1.0
124,2009-02-01,8,positive,2,1.0
125,2009-03-01,0,negative,1,0.25
126,2009-03-01,0,positive,3,0.75
127,2009-03-01,4,negative,1,0.25
128,2009-03-01,4,positive,3,0.75
129,2009-03-01,6,positive,1,1.0
130,2009-03-01,8,positive,1,1.0
131,2009-04-01,0,negative,2,0.4
132,2009-04-01,0,neutral,1,0.2
133,2009-04-01,0,positive,2,0.4
134,2009-04-01,4,positive,1,1.0
135,2009-04-01,6,positive,2,1.0
136,2009-04-01,8,positive,1,1.0
137,2009-05-01,0,positive,1,1.0
138,2009-05-01,2,positive,1,1.0
139,2009-05-01,6,neutral,1,1.0
140,2009-06-01,0,negative,2,0.6666666666666666
141,2009-06-01,0,positive,1,0.3333333333333333
142,2009-06-01,4,positive,1,1.0
143,2009-06-01,6,neutral,1,1.0
144,2009-06-01,8,negative,1,0.3333333333333333
145,2009-06-01,8,neutral,1,0.3333333333333333
146,2009-06-01,8,positive,1,0.3333333333333333
147,2009-07-01,0,positive,2,1.0
148,2009-07-01,2,negative,1,1.0
149,2009-07-01,4,positive,3,1.0
150,2009-08-01,0,negative,1,0.2
151,2009-08-01,0,neutral,1,0.2
152,2009-08-01,0,positive,3,0.6
153,2009-08-01,2,positive,1,1.0
154,2009-08-01,4,negative,1,0.3333333333333333
155,2009-08-01,4,neutral,1,0.3333333333333333
156,2009-08-01,4,positive,1,0.3333333333333333
157,2009-08-01,8,positive,1,1.0
158,2009-09-01,0,negative,1,0.25
159,2009-09-01,0,neutral,1,0.25
160,2009-09-01,0,positive,2,0.5
161,2009-09-01,2,neutral,1,1.0
162,2009-09-01,4,neutral,1,0.3333333333333333
163,2009-09-01,4,positive,2,0.6666666666666666
164,2009-09-01,6,neutral,1,0.5
165,2009-09-01,6,positive,1,0.5
166,2009-10-01,0,positive,2,1.0
167,2009-10-01,2,negative,2,1.0
168,2009-10-01,4,neutral,1,0.25
169,2009-10-01,4,positive,3,0.75
170,2009-10-01,6,negative,1,0.3333333333333333
171,2009-10-01,6,positive,2,0.6666666666666666
172,2009-10-01,8,positive,2,1.0
173,2009-11-01,0,positive,8,1.0
174,2009-11-01,2,positive,1,1.0
175,2009-11-01,4,positive,1,1.0
176,2009-11-01,8,positive,1,1.0
177,2009-12-01,0,neutral,1,0.3333333333333333
178,2009-12-01,0,positive,2,0.6666666666666666
179,2009-12-01,2,negative,1,1.0
180,2009-12-01,4,negative,1,0.25
181,2009-12-01,4,positive,3,0.75
182,2010-01-01,0,positive,8,1.0
183,2010-01-01,4,neutral,1,0.3333333333333333
184,2010-01-01,4,positive,2,0.6666666666666666
185,2010-01-01,6,positive,5,1.0
186,2010-01-01,8,positive,1,1.0
187,2010-02-01,0,negative,2,0.25
188,2010-02-01,0,neutral,1,0.125
189,2010-02-01,0,positive,5,0.625
190,2010-02-01,4,negative,1,0.16666666666666666
191,2010-02-01,4,positive,5,0.8333333333333334
192,2010-02-01,6,negative,1,0.3333333333333333
193,2010-02-01,6,positive,2,0.6666666666666666
194,2010-02-01,8,positive,3,1.0
195,2010-03-01,0,negative,2,0.18181818181818182
196,2010-03-01,0,neutral,1,0.09090909090909091
197,2010-03-01,0,positive,8,0.7272727272727273
198,2010-03-01,2,negative,1,1.0
199,2010-03-01,4,negative,1,0.3333333333333333
200,2010-03-01,4,neutral,1,0.3333333333333333
201,2010-03-01,4,positive,1,0.3333333333333333
202,2010-03-01,6,negative,1,0.5
203,2010-03-01,6,neutral,1,0.5
204,2010-04-01,0,negative,3,0.75
205,2010-04-01,0,neutral,1,0.25
206,2010-04-01,2,negative,2,0.5
207,2010-04-01,2,positive,2,0.5
208,2010-04-01,4,neutral,1,0.25
209,2010-04-01,4,positive,3,0.75
210,2010-04-01,6,negative,1,0.5
211,2010-04-01,6,positive,1,0.5
212,2010-04-01,8,positive,1,1.0
213,2010-05-01,0,negative,3,0.2727272727272727
214,2010-05-01,0,neutral,2,0.18181818181818182
215,2010-05-01,0,positive,6,0.5454545454545454
216,2010-05-01,2,negative,1,0.5
217,2010-05-01,2,positive,1,0.5
218,2010-05-01,4,neutral,2,0.6666666666666666
219,2010-05-01,4,positive,1,0.3333333333333333
220,2010-05-01,6,positive,1,1.0
221,2010-05-01,8,positive,1,1.0
222,2010-06-01,0,negative,1,0.14285714285714285
223,2010-06-01,0,neutral,1,0.14285714285714285
224,2010-06-01,0,positive,5,0.7142857142857143
225,2010-06-01,4,negative,1,0.3333333333333333
226,2010-06-01,4,positive,2,0.6666666666666666
227,2010-06-01,6,negative,1,0.5
228,2010-06-01,6,positive,1,0.5
229,2010-06-01,8,negative,1,1.0
230,2010-07-01,0,positive,10,1.0
231,2010-07-01,2,positive,1,1.0
232,2010-07-01,4,positive,2,1.0
233,2010-07-01,6,positive,1,1.0
234,2010-08-01,0,positive,5,1.0
235,2010-08-01,4,positive,2,1.0
236,2010-08-01,6,positive,3,1.0
237,2010-08-01,8,neutral,1,0.3333333333333333
238,2010-08-01,8,positive,2,0.6666666666666666
239,2010-09-01,0,negative,1,0.125
240,2010-09-01,0,positive,7,0.875
241,2010-09-01,2,positive,1,1.0
242,2010-09-01,4,neutral,1,0.25
243,2010-09-01,4,positive,3,0.75
244,2010-09-01,6,neutral,1,1.0
245,2010-10-01,0,negative,1,0.2
246,2010-10-01,0,neutral,1,0.2
247,2010-10-01,0,positive,3,0.6
248,2010-10-01,2,positive,3,1.0
249,2010-10-01,4,neutral,2,0.3333333333333333
250,2010-10-01,4,positive,4,0.6666666666666666
251,2010-10-01,6,positive,2,1.0
252,2010-10-01,8,positive,5,1.0
253,2010-11-01,0,negative,3,0.5
254,2010-11-01,0,neutral,1,0.16666666666666666
255,2010-11-01,0,positive,2,0.3333333333333333
256,2010-11-01,2,positive,2,1.0
257,2010-11-01,4,neutral,1,0.25
258,2010-11-01,4,positive,3,0.75
259,2010-11-01,6,positive,2,1.0
260,2010-11-01,8,negative,1,0.5
261,2010-11-01,8,positive,1,0.5
262,2010-12-01,0,negative,1,0.125
263,2010-12-01,0,neutral,1,0.125
264,2010-12-01,0,positive,6,0.75
265,2010-12-01,2,neutral,2,1.0
266,2010-12-01,4,positive,3,1.0
267,2010-12-01,6,positive,3,1.0
268,2010-12-01,8,neutral,1,0.2
269,2010-12-01,8,positive,4,0.8
270,2011-01-01,0,negative,2,0.2
271,2011-01-01,0,neutral,4,0.4
272,2011-01-01,0,positive,4,0.4
273,2011-01-01,2,negative,1,0.3333333333333333
274,2011-01-01,2,positive,2,0.6666666666666666
275,2011-01-01,4,negative,1,0.14285714285714285
276,2011-01-01,4,positive,6,0.8571428571428571
277,2011-01-01,6,neutral,1,0.14285714285714285
278,2011-01-01,6,positive,6,0.8571428571428571
279,2011-01-01,8,negative,1,0.14285714285714285
280,2011-01-01,8,positive,6,0.8571428571428571
281,2011-02-01,0,negative,1,0.07692307692307693
282,2011-02-01,0,neutral,3,0.23076923076923078
283,2011-02-01,0,positive,9,0.6923076923076923
284,2011-02-01,2,neutral,1,1.0
285,2011-02-01,4,neutral,1,0.5
286,2011-02-01,4,positive,1,0.5
287,2011-02-01,6,neutral,1,0.16666666666666666
288,2011-02-01,6,positive,5,0.8333333333333334
289,2011-02-01,8,positive,2,1.0
290,2011-03-01,0,negative,2,0.15384615384615385
291,2011-03-01,0,neutral,1,0.07692307692307693
292,2011-03-01,0,positive,10,0.7692307692307693
293,2011-03-01,2,positive,3,1.0
294,2011-03-01,4,neutral,1,0.3333333333333333
295,2011-03-01,4,positive,2,0.6666666666666666
296,2011-03-01,6,negative,1,0.25
297,2011-03-01,6,positive,3,0.75
298,2011-03-01,8,positive,4,1.0
299,2011-04-01,0,negative,1,0.09090909090909091
300,2011-04-01,0,neutral,1,0.09090909090909091
301,2011-04-01,0,positive,9,0.8181818181818182
302,2011-04-01,2,negative,1,0.25
303,2011-04-01,2,positive,3,0.75
304,2011-04-01,4,neutral,2,0.4
305,2011-04-01,4,positive,3,0.6
306,2011-04-01,6,positive,3,1.0
307,2011-04-01,8,positive,1,1.0
308,2011-05-01,0,negative,2,0.14285714285714285
309,2011-05-01,0,neutral,2,0.14285714285714285
310,2011-05-01,0,positive,10,0.7142857142857143
311,2011-05-01,2,positive,1,1.0
312,2011-05-01,4,positive,6,1.0
313,2011-05-01,6,negative,4,0.4
314,2011-05-01,6,positive,6,0.6
315,2011-05-01,8,negative,1,0.25
316,2011-05-01,8,positive,3,0.75
317,2011-06-01,0,negative,4,0.3333333333333333
318,2011-06-01,0,neutral,1,0.08333333333333333
319,2011-06-01,0,positive,7,0.5833333333333334
320,2011-06-01,2,negative,3,1.0
321,2011-06-01,4,negative,1,0.14285714285714285
322,2011-06-01,4,positive,6,0.8571428571428571
323,2011-06-01,6,positive,2,1.0
324,2011-06-01,8,positive,1,1.0
325,2011-07-01,0,negative,1,0.1
326,2011-07-01,0,neutral,2,0.2
327,2011-07-01,0,positive,7,0.7
328,2011-07-01,2,negative,1,0.2
329,2011-07-01,2,positive,4,0.8
330,2011-07-01,4,negative,1,0.16666666666666666
331,2011-07-01,4,neutral,1,0.16666666666666666
332,2011-07-01,4,positive,4,0.6666666666666666
333,2011-07-01,6,neutral,1,0.2
334,2011-07-01,6,positive,4,0.8
335,2011-07-01,8,positive,2,1.0
336,2011-08-01,0,negative,3,0.21428571428571427
337,2011-08-01,0,neutral,4,0.2857142857142857
338,2011-08-01,0,positive,7,0.5
339,2011-08-01,2,positive,2,1.0
340,2011-08-01,4,neutral,1,0.2
341,2011-08-01,4,positive,4,0.8
342,2011-08-01,6,neutral,1,0.2
343,2011-08-01,6,positive,4,0.8
344,2011-08-01,8,positive,3,1.0
345,2011-09-01,0,negative,3,0.3333333333333333
346,2011-09-01,0,neutral,3,0.3333333333333333
347,2011-09-01,0,positive,3,0.3333333333333333
348,2011-09-01,2,positive,3,1.0
349,2011-09-01,4,negative,3,0.25
350,2011-09-01,4,neutral,1,0.08333333333333333
351,2011-09-01,4,positive,8,0.6666666666666666
352,2011-09-01,6,negative,3,0.6
353,2011-09-01,6,positive,2,0.4
354,2011-09-01,8,positive,1,1.0
355,2011-10-01,0,negative,2,0.25
356,2011-10-01,0,neutral,2,0.25
357,2011-10-01,0,positive,4,0.5
358,2011-10-01,2,neutral,2,0.5
359,2011-10-01,2,positive,2,0.5
360,2011-10-01,4,negative,1,0.1
361,2011-10-01,4,neutral,1,0.1
362,2011-10-01,4,positive,8,0.8
363,2011-10-01,6,negative,2,0.3333333333333333
364,2011-10-01,6,positive,4,0.6666666666666666
365,2011-10-01,8,positive,1,1.0
366,2011-11-01,0,negative,2,0.2857142857142857
367,2011-11-01,0,positive,5,0.7142857142857143
368,2011-11-01,2,positive,3,1.0
369,2011-11-01,4,negative,1,0.16666666666666666
370,2011-11-01,4,positive,5,0.8333333333333334
371,2011-11-01,6,negative,1,0.16666666666666666
372,2011-11-01,6,neutral,2,0.3333333333333333
373,2011-11-01,6,positive,3,0.5
374,2011-11-01,8,positive,2,1.0
375,2011-12-01,0,negative,3,0.1875
376,2011-12-01,0,neutral,1,0.0625
377,2011-12-01,0,positive,12,0.75
378,2011-12-01,2,positive,1,1.0
379,2011-12-01,4,negative,3,0.2727272727272727
380,2011-12-01,4,positive,8,0.7272727272727273
381,2011-12-01,6,negative,1,0.16666666666666666
382,2011-12-01,6,neutral,1,0.16666666666666666
383,2011-12-01,6,positive,4,0.6666666666666666
384,2011-12-01,8,positive,7,1.0
385,2012-01-01,0,negative,3,0.23076923076923078
386,2012-01-01,0,neutral,3,0.23076923076923078
387,2012-01-01,0,positive,7,0.5384615384615384
388,2012-01-01,2,negative,2,0.4
389,2012-01-01,2,positive,3,0.6
390,2012-01-01,4,positive,6,1.0
391,2012-01-01,6,negative,4,0.2857142857142857
392,2012-01-01,6,neutral,2,0.14285714285714285
393,2012-01-01,6,positive,8,0.5714285714285714
394,2012-01-01,8,negative,2,0.5
395,2012-01-01,8,positive,2,0.5
396,2012-02-01,0,negative,3,0.17647058823529413
397,2012-02-01,0,neutral,4,0.23529411764705882
398,2012-02-01,0,positive,10,0.5882352941176471
399,2012-02-01,2,neutral,1,0.2
400,2012-02-01,2,positive,4,0.8
401,2012-02-01,4,negative,3,0.375
402,2012-02-01,4,neutral,1,0.125
403,2012-02-01,4,positive,4,0.5
404,2012-02-01,6,negative,1,0.16666666666666666
405,2012-02-01,6,positive,5,0.8333333333333334
406,2012-02-01,8,positive,4,1.0
407,2012-03-01,0,negative,5,0.38461538461538464
408,2012-03-01,0,neutral,5,0.38461538461538464
409,2012-03-01,0,positive,3,0.23076923076923078
410,2012-03-01,2,negative,1,1.0
411,2012-03-01,4,neutral,2,0.2
412,2012-03-01,4,positive,8,0.8
413,2012-03-01,6,negative,1,0.2
414,2012-03-01,6,positive,4,0.8
415,2012-03-01,8,positive,4,1.0
416,2012-04-01,0,negative,3,0.1875
417,2012-04-01,0,neutral,5,0.3125
418,2012-04-01,0,positive,8,0.5
419,2012-04-01,2,neutral,1,0.2
420,2012-04-01,2,positive,4,0.8
421,2012-04-01,4,negative,1,0.25
422,2012-04-01,4,positive,3,0.75
423,2012-04-01,6,positive,1,1.0
424,2012-04-01,8,negative,1,0.25
425,2012-04-01,8,positive,3,0.75
426,2012-05-01,0,negative,2,0.14285714285714285
427,2012-05-01,0,neutral,3,0.21428571428571427
428,2012-05-01,0,positive,9,0.6428571428571429
429,2012-05-01,2,neutral,1,0.2
430,2012-05-01,2,positive,4,0.8
431,2012-05-01,4,negative,1,0.16666666666666666
432,2012-05-01,4,positive,5,0.8333333333333334
433,2012-05-01,6,neutral,1,0.16666666666666666
434,2012-05-01,6,positive,5,0.8333333333333334
435,2012-05-01,8,neutral,1,0.16666666666666666
436,2012-05-01,8,positive,5,0.8333333333333334
437,2012-06-01,0,negative,4,0.19047619047619047
438,2012-06-01,0,neutral,3,0.14285714285714285
439,2012-06-01,0,positive,14,0.6666666666666666
440,2012-06-01,2,negative,3,0.75
441,2012-06-01,2,positive,1,0.25
442,2012-06-01,4,negative,1,0.125
443,2012-06-01,4,neutral,2,0.25
444,2012-06-01,4,positive,5,0.625
445,2012-06-01,6,negative,1,0.14285714285714285
446,2012-06-01,6,neutral,1,0.14285714285714285
447,2012-06-01,6,positive,5,0.7142857142857143
448,2012-06-01,8,negative,1,0.2
449,2012-06-01,8,positive,4,0.8
450,2012-07-01,0,negative,2,0.18181818181818182
451,2012-07-01,0,positive,9,0.8181818181818182
452,2012-07-01,2,negative,4,0.5
453,2012-07-01,2,positive,4,0.5
454,2012-07-01,4,positive,8,1.0
455,2012-07-01,6,negative,2,0.4
456,2012-07-01,6,neutral,2,0.4
457,2012-07-01,6,positive,1,0.2
458,2012-07-01,8,positive,5,1.0
459,2012-08-01,0,negative,5,0.35714285714285715
460,2012-08-01,0,neutral,3,0.21428571428571427
461,2012-08-01,0,positive,6,0.42857142857142855
462,2012-08-01,2,negative,1,0.5
463,2012-08-01,2,neutral,1,0.5
464,2012-08-01,4,negative,1,0.125
465,2012-08-01,4,positive,7,0.875
466,2012-08-01,6,negative,2,0.25
467,2012-08-01,6,positive,6,0.75
468,2012-08-01,8,positive,5,1.0
469,2012-09-01,0,negative,6,0.2857142857142857
470,2012-09-01,0,neutral,3,0.14285714285714285
471,2012-09-01,0,positive,12,0.5714285714285714
472,2012-09-01,2,negative,1,0.25
473,2012-09-01,2,positive,3,0.75
474,2012-09-01,4,negative,1,0.25
475,2012-09-01,4,positive,3,0.75
476,2012-09-01,6,negative,1,0.125
477,2012-09-01,6,neutral,2,0.25
478,2012-09-01,6,positive,5,0.625
479,2012-09-01,8,positive,3,1.0
480,2012-10-01,0,negative,6,0.3333333333333333
481,2012-10-01,0,neutral,4,0.2222222222222222
482,2012-10-01,0,positive,8,0.4444444444444444
483,2012-10-01,2,negative,1,0.2
484,2012-10-01,2,neutral,1,0.2
485,2012-10-01,2,positive,3,0.6
486,2012-10-01,4,negative,3,0.375
487,2012-10-01,4,positive,5,0.625
488,2012-10-01,6,negative,4,0.3076923076923077
489,2012-10-01,6,neutral,3,0.23076923076923078
490,2012-10-01,6,positive,6,0.46153846153846156
491,2012-10-01,8,positive,4,1.0
492,2012-11-01,0,negative,6,0.2727272727272727
493,2012-11-01,0,neutral,7,0.3181818181818182
494,2012-11-01,0,positive,9,0.4090909090909091
495,2012-11-01,2,negative,5,0.625
496,2012-11-01,2,neutral,2,0.25
497,2012-11-01,2,positive,1,0.125
498,2012-11-01,4,neutral,1,0.16666666666666666
499,2012-11-01,4,positive,5,0.8333333333333334
500,2012-11-01,6,neutral,1,0.14285714285714285
501,2012-11-01,6,positive,6,0.8571428571428571
502,2012-11-01,8,positive,10,1.0
503,2012-12-01,0,negative,7,0.1891891891891892
504,2012-12-01,0,neutral,7,0.1891891891891892
505,2012-12-01,0,positive,23,0.6216216216216216
506,2012-12-01,2,negative,6,0.2857142857142857
507,2012-12-01,2,neutral,2,0.09523809523809523
508,2012-12-01,2,positive,13,0.6190476190476191
509,2012-12-01,4,negative,1,0.1
510,2012-12-01,4,neutral,1,0.1
511,2012-12-01,4,positive,8,0.8
512,2012-12-01,6,negative,4,0.16
513,2012-12-01,6,neutral,3,0.12
514,2012-12-01,6,positive,18,0.72
515,2012-12-01,8,negative,1,0.041666666666666664
516,2012-12-01,8,neutral,2,0.08333333333333333
517,2012-12-01,8,positive,21,0.875
518,2013-01-01,0,negative,7,0.15555555555555556
519,2013-01-01,0,neutral,10,0.2222222222222222
520,2013-01-01,0,positive,28,0.6222222222222222
521,2013-01-01,2,negative,5,0.2631578947368421
522,2013-01-01,2,neutral,2,0.10526315789473684
523,2013-01-01,2,positive,12,0.631578947368421
524,2013-01-01,4,negative,1,0.0625
525,2013-01-01,4,positive,15,0.9375
526,2013-01-01,6,negative,2,0.08695652173913043
527,2013-01-01,6,neutral,3,0.13043478260869565
528,2013-01-01,6,positive,18,0.782608695652174
529,2013-01-01,8,negative,1,0.043478260869565216
530,2013-01-01,8,neutral,1,0.043478260869565216
531,2013-01-01,8,positive,21,0.9130434782608695
532,2013-02-01,0,negative,6,0.21428571428571427
533,2013-02-01,0,neutral,4,0.14285714285714285
534,2013-02-01,0,positive,18,0.6428571428571429
535,2013-02-01,2,negative,5,0.35714285714285715
536,2013-02-01,2,neutral,1,0.07142857142857142
537,2013-02-01,2,positive,8,0.5714285714285714
538,2013-02-01,4,neutral,6,0.4
539,2013-02-01,4,positive,9,0.6
540,2013-02-01,6,neutral,4,0.19047619047619047
541,2013-02-01,6,positive,17,0.8095238095238095
542,2013-02-01,8,negative,2,0.08
543,2013-02-01,8,neutral,2,0.08
544,2013-02-01,8,positive,21,0.84
545,2013-03-01,0,negative,8,0.2857142857142857
546,2013-03-01,0,neutral,7,0.25
547,2013-03-01,0,positive,13,0.4642857142857143
548,2013-03-01,2,negative,3,0.17647058823529413
549,2013-03-01,2,neutral,1,0.058823529411764705
550,2013-03-01,2,positive,13,0.7647058823529411
551,2013-03-01,4,negative,3,0.15789473684210525
552,2013-03-01,4,neutral,2,0.10526315789473684
553,2013-03-01,4,positive,14,0.7368421052631579
554,2013-03-01,6,negative,1,0.05555555555555555
555,2013-03-01,6,neutral,2,0.1111111111111111
556,2013-03-01,6,positive,15,0.8333333333333334
557,2013-03-01,8,neutral,1,0.05555555555555555
558,2013-03-01,8,positive,17,0.9444444444444444
559,2013-04-01,0,negative,3,0.1
560,2013-04-01,0,neutral,4,0.13333333333333333
561,2013-04-01,0,positive,23,0.7666666666666667
562,2013-04-01,2,negative,3,0.25
563,2013-04-01,2,neutral,1,0.08333333333333333
564,2013-04-01,2,positive,8,0.6666666666666666
565,2013-04-01,4,negative,2,0.18181818181818182
566,2013-04-01,4,positive,9,0.8181818181818182
567,2013-04-01,6,negative,3,0.125
568,2013-04-01,6,neutral,5,0.20833333333333334
569,2013-04-01,6,positive,16,0.6666666666666666
570,2013-04-01,8,positive,10,1.0
571,2013-05-01,0,negative,3,0.10714285714285714
572,2013-05-01,0,neutral,9,0.32142857142857145
573,2013-05-01,0,positive,16,0.5714285714285714
574,2013-05-01,2,negative,1,0.1
575,2013-05-01,2,neutral,3,0.3
576,2013-05-01,2,positive,6,0.6
577,2013-05-01,4,negative,1,0.05263157894736842
578,2013-05-01,4,neutral,2,0.10526315789473684
579,2013-05-01,4,positive,16,0.8421052631578947
580,2013-05-01,6,negative,6,0.3157894736842105
581,2013-05-01,6,neutral,3,0.15789473684210525
582,2013-05-01,6,positive,10,0.5263157894736842
583,2013-05-01,8,positive,6,1.0
584,2013-06-01,0,negative,4,0.15384615384615385
585,2013-06-01,0,neutral,4,0.15384615384615385
586,2013-06-01,0,positive,18,0.6923076923076923
587,2013-06-01,2,negative,2,0.18181818181818182
588,2013-06-01,2,neutral,5,0.45454545454545453
589,2013-06-01,2,positive,4,0.36363636363636365
590,2013-06-01,4,negative,1,0.05555555555555555
591,2013-06-01,4,neutral,2,0.1111111111111111
592,2013-06-01,4,positive,15,0.8333333333333334
593,2013-06-01,6,neutral,2,0.18181818181818182
594,2013-06-01,6,positive,9,0.8181818181818182
595,2013-06-01,8,positive,14,1.0
596,2013-07-01,0,negative,8,0.3333333333333333
597,2013-07-01,0,neutral,2,0.08333333333333333
598,2013-07-01,0,positive,14,0.5833333333333334
599,2013-07-01,2,negative,3,0.17647058823529413
600,2013-07-01,2,neutral,1,0.058823529411764705
601,2013-07-01,2,positive,13,0.7647058823529411
602,2013-07-01,4,negative,1,0.05263157894736842
603,2013-07-01,4,neutral,3,0.15789473684210525
604,2013-07-01,4,positive,15,0.7894736842105263
605,2013-07-01,6,negative,1,0.09090909090909091
606,2013-07-01,6,neutral,2,0.18181818181818182
607,2013-07-01,6,positive,8,0.7272727272727273
608,2013-07-01,8,negative,1,0.1
609,2013-07-01,8,positive,9,0.9
610,2013-08-01,0,negative,4,0.13333333333333333
611,2013-08-01,0,neutral,6,0.2
612,2013-08-01,0,positive,20,0.6666666666666666
613,2013-08-01,2,neutral,4,0.3333333333333333
614,2013-08-01,2,positive,8,0.6666666666666666
615,2013-08-01,4,negative,1,0.07692307692307693
616,2013-08-01,4,neutral,3,0.23076923076923078
617,2013-08-01,4,positive,9,0.6923076923076923
618,2013-08-01,6,neutral,2,0.14285714285714285
619,2013-08-01,6,positive,12,0.8571428571428571
620,2013-08-01,8,neutral,1,0.058823529411764705
621,2013-08-01,8,positive,16,0.9411764705882353
622,2013-09-01,0,negative,9,0.2571428571428571
623,2013-09-01,0,neutral,7,0.2
624,2013-09-01,0,positive,19,0.5428571428571428
625,2013-09-01,2,negative,2,0.18181818181818182
626,2013-09-01,2,neutral,1,0.09090909090909091
627,2013-09-01,2,positive,8,0.7272727272727273
628,2013-09-01,4,negative,1,0.1111111111111111
629,2013-09-01,4,neutral,1,0.1111111111111111
630,2013-09-01,4,positive,7,0.7777777777777778
631,2013-09-01,6,neutral,3,0.15789473684210525
632,2013-09-01,6,positive,16,0.8421052631578947
633,2013-09-01,8,positive,5,1.0
634,2013-10-01,0,negative,5,0.22727272727272727
635,2013-10-01,0,neutral,2,0.09090909090909091
636,2013-10-01,0,positive,15,0.6818181818181818
637,2013-10-01,2,negative,2,0.13333333333333333
638,2013-10-01,2,neutral,2,0.13333333333333333
639,2013-10-01,2,positive,11,0.7333333333333333
640,2013-10-01,4,neutral,1,0.06666666666666667
641,2013-10-01,4,positive,14,0.9333333333333333
642,2013-10-01,6,negative,1,0.047619047619047616
643,2013-10-01,6,neutral,1,0.047619047619047616
644,2013-10-01,6,positive,19,0.9047619047619048
645,2013-10-01,8,neutral,1,0.0625
646,2013-10-01,8,positive,15,0.9375
647,2013-11-01,0,negative,8,0.26666666666666666
648,2013-11-01,0,neutral,3,0.1
649,2013-11-01,0,positive,19,0.6333333333333333
650,2013-11-01,2,negative,2,0.16666666666666666
651,2013-11-01,2,positive,10,0.8333333333333334
652,2013-11-01,4,negative,1,0.05555555555555555
653,2013-11-01,4,neutral,1,0.05555555555555555
654,2013-11-01,4,positive,16,0.8888888888888888
655,2013-11-01,6,negative,4,0.3076923076923077
656,2013-11-01,6,positive,9,0.6923076923076923
657,2013-11-01,8,negative,1,0.07692307692307693
658,2013-11-01,8,positive,12,0.9230769230769231
659,2013-12-01,0,negative,15,0.3
660,2013-12-01,0,neutral,4,0.08
661,2013-12-01,0,positive,31,0.62
662,2013-12-01,2,negative,5,0.3125
663,2013-12-01,2,neutral,2,0.125
664,2013-12-01,2,positive,9,0.5625
665,2013-12-01,4,negative,5,0.2631578947368421
666,2013-12-01,4,neutral,2,0.10526315789473684
667,2013-12-01,4,positive,12,0.631578947368421
668,2013-12-01,6,negative,2,0.07407407407407407
669,2013-12-01,6,neutral,3,0.1111111111111111
670,2013-12-01,6,positive,22,0.8148148148148148
671,2013-12-01,8,negative,1,0.038461538461538464
672,2013-12-01,8,neutral,1,0.038461538461538464
673,2013-12-01,8,positive,24,0.9230769230769231
674,2014-01-01,0,negative,12,0.25
675,2014-01-01,0,neutral,9,0.1875
676,2014-01-01,0,positive,27,0.5625
677,2014-01-01,2,negative,2,0.08
678,2014-01-01,2,neutral,4,0.16
679,2014-01-01,2,positive,19,0.76
680,2014-01-01,4,negative,3,0.12
681,2014-01-01,4,neutral,2,0.08
682,2014-01-01,4,positive,20,0.8
683,2014-01-01,6,negative,3,0.10344827586206896
684,2014-01-01,6,neutral,4,0.13793103448275862
685,2014-01-01,6,positive,22,0.7586206896551724
686,2014-01-01,8,negative,2,0.06060606060606061
687,2014-01-01,8,neutral,1,0.030303030303030304
688,2014-01-01,8,positive,30,0.9090909090909091
689,2014-02-01,0,negative,9,0.2571428571428571
690,2014-02-01,0,neutral,4,0.11428571428571428
691,2014-02-01,0,positive,22,0.6285714285714286
692,2014-02-01,2,negative,3,0.2727272727272727
693,2014-02-01,2,neutral,1,0.09090909090909091
694,2014-02-01,2,positive,7,0.6363636363636364
695,2014-02-01,4,negative,2,0.1
696,2014-02-01,4,neutral,1,0.05
697,2014-02-01,4,positive,17,0.85
698,2014-02-01,6,negative,4,0.16
699,2014-02-01,6,neutral,4,0.16
700,2014-02-01,6,positive,17,0.68
701,2014-02-01,8,negative,1,0.043478260869565216
702,2014-02-01,8,positive,22,0.9565217391304348
703,2014-03-01,0,negative,11,0.2558139534883721
704,2014-03-01,0,neutral,7,0.16279069767441862
705,2014-03-01,0,positive,25,0.5813953488372093
706,2014-03-01,2,negative,4,0.23529411764705882
707,2014-03-01,2,neutral,3,0.17647058823529413
708,2014-03-01,2,positive,10,0.5882352941176471
709,2014-03-01,4,negative,3,0.14285714285714285
710,2014-03-01,4,positive,18,0.8571428571428571
711,2014-03-01,6,negative,3,0.09090909090909091
712,2014-03-01,6,neutral,4,0.12121212121212122
713,2014-03-01,6,positive,26,0.7878787878787878
714,2014-03-01,8,neutral,3,0.17647058823529413
715,2014-03-01,8,positive,14,0.8235294117647058
716,2014-04-01,0,negative,10,0.29411764705882354
717,2014-04-01,0,neutral,5,0.14705882352941177
718,2014-04-01,0,positive,19,0.5588235294117647
719,2014-04-01,2,negative,3,0.17647058823529413
720,2014-04-01,2,positive,14,0.8235294117647058
721,2014-04-01,4,negative,1,0.05
722,2014-04-01,4,neutral,2,0.1
723,2014-04-01,4,positive,17,0.85
724,2014-04-01,6,negative,2,0.08333333333333333
725,2014-04-01,6,neutral,1,0.041666666666666664
726,2014-04-01,6,positive,21,0.875
727,2014-04-01,8,negative,1,0.058823529411764705
728,2014-04-01,8,positive,16,0.9411764705882353
729,2014-05-01,0,negative,8,0.26666666666666666
730,2014-05-01,0,neutral,3,0.1
731,2014-05-01,0,positive,19,0.6333333333333333
732,2014-05-01,2,negative,2,0.16666666666666666
733,2014-05-01,2,neutral,2,0.16666666666666666
734,2014-05-01,2,positive,8,0.6666666666666666
735,2014-05-01,4,negative,3,0.21428571428571427
736,2014-05-01,4,neutral,1,0.07142857142857142
737,2014-05-01,4,positive,10,0.7142857142857143
738,2014-05-01,6,negative,1,0.07142857142857142
739,2014-05-01,6,neutral,2,0.14285714285714285
740,2014-05-01,6,positive,11,0.7857142857142857
741,2014-05-01,8,negative,1,0.06666666666666667
742,2014-05-01,8,positive,14,0.9333333333333333
743,2014-06-01,0,negative,10,0.30303030303030304
744,2014-06-01,0,neutral,4,0.12121212121212122
745,2014-06-01,0,positive,19,0.5757575757575758
746,2014-06-01,2,negative,2,0.16666666666666666
747,2014-06-01,2,neutral,2,0.16666666666666666
748,2014-06-01,2,positive,8,0.6666666666666666
749,2014-06-01,4,negative,1,0.06666666666666667
750,2014-06-01,4,positive,14,0.9333333333333333
751,2014-06-01,6,negative,1,0.047619047619047616
752,2014-06-01,6,neutral,3,0.14285714285714285
753,2014-06-01,6,positive,17,0.8095238095238095
754,2014-06-01,8,negative,1,0.06666666666666667
755,2014-06-01,8,neutral,1,0.06666666666666667
756,2014-06-01,8,positive,13,0.8666666666666667
757,2014-07-01,0,negative,9,0.20930232558139536
758,2014-07-01,0,neutral,9,0.20930232558139536
759,2014-07-01,0,positive,25,0.5813953488372093
760,2014-07-01,2,negative,4,0.2
761,2014-07-01,2,neutral,4,0.2
762,2014-07-01,2,positive,12,0.6
763,2014-07-01,4,neutral,2,0.2
764,2014-07-01,4,positive,8,0.8
765,2014-07-01,6,negative,2,0.07407407407407407
766,2014-07-01,6,neutral,1,0.037037037037037035
767,2014-07-01,6,positive,24,0.8888888888888888
768,2014-07-01,8,negative,1,0.0625
769,2014-07-01,8,neutral,1,0.0625
770,2014-07-01,8,positive,14,0.875
771,2014-08-01,0,negative,10,0.23809523809523808
772,2014-08-01,0,neutral,9,0.21428571428571427
773,2014-08-01,0,positive,23,0.5476190476190477
774,2014-08-01,2,negative,3,0.10714285714285714
775,2014-08-01,2,neutral,1,0.03571428571428571
776,2014-08-01,2,positive,24,0.8571428571428571
777,2014-08-01,4,negative,4,0.2222222222222222
778,2014-08-01,4,neutral,3,0.16666666666666666
779,2014-08-01,4,positive,11,0.6111111111111112
780,2014-08-01,6,negative,1,0.03125
781,2014-08-01,6,neutral,2,0.0625
782,2014-08-01,6,positive,29,0.90625
783,2014-08-01,8,positive,21,1.0
784,2014-09-01,0,negative,13,0.3611111111111111
785,2014-09-01,0,neutral,6,0.16666666666666666
786,2014-09-01,0,positive,17,0.4722222222222222
787,2014-09-01,2,negative,2,0.07692307692307693
788,2014-09-01,2,neutral,7,0.2692307692307692
789,2014-09-01,2,positive,17,0.6538461538461539
790,2014-09-01,4,negative,1,0.05
791,2014-09-01,4,neutral,1,0.05
792,2014-09-01,4,positive,18,0.9
793,2014-09-01,6,negative,3,0.0967741935483871
794,2014-09-01,6,neutral,4,0.12903225806451613
795,2014-09-01,6,positive,24,0.7741935483870968
796,2014-09-01,8,neutral,1,0.09090909090909091
797,2014-09-01,8,positive,10,0.9090909090909091
798,2014-10-01,0,negative,16,0.3333333333333333
799,2014-10-01,0,neutral,8,0.16666666666666666
800,2014-10-01,0,positive,24,0.5
801,2014-10-01,2,negative,5,0.23809523809523808
802,2014-10-01,2,neutral,2,0.09523809523809523
803,2014-10-01,2,positive,14,0.6666666666666666
804,2014-10-01,4,neutral,2,0.11764705882352941
805,2014-10-01,4,positive,15,0.8823529411764706
806,2014-10-01,6,negative,1,0.037037037037037035
807,2014-10-01,6,neutral,2,0.07407407407407407
808,2014-10-01,6,positive,24,0.8888888888888888
809,2014-10-01,8,neutral,2,0.08695652173913043
810,2014-10-01,8,positive,21,0.9130434782608695
811,2014-11-01,0,negative,9,0.24324324324324326
812,2014-11-01,0,neutral,8,0.21621621621621623
813,2014-11-01,0,positive,20,0.5405405405405406
814,2014-11-01,2,negative,3,0.1
815,2014-11-01,2,neutral,2,0.06666666666666667
816,2014-11-01,2,positive,25,0.8333333333333334
817,2014-11-01,4,negative,1,0.05263157894736842
818,2014-11-01,4,neutral,3,0.15789473684210525
819,2014-11-01,4,positive,15,0.7894736842105263
820,2014-11-01,6,negative,5,0.16129032258064516
821,2014-11-01,6,neutral,4,0.12903225806451613
822,2014-11-01,6,positive,22,0.7096774193548387
823,2014-11-01,8,neutral,1,0.03571428571428571
824,2014-11-01,8,positive,27,0.9642857142857143
825,2014-12-01,0,negative,9,0.21951219512195122
826,2014-12-01,0,neutral,6,0.14634146341463414
827,2014-12-01,0,positive,26,0.6341463414634146
828,2014-12-01,2,negative,4,0.12903225806451613
829,2014-12-01,2,neutral,5,0.16129032258064516
830,2014-12-01,2,positive,22,0.7096774193548387
831,2014-12-01,4,negative,2,0.13333333333333333
832,2014-12-01,4,neutral,2,0.13333333333333333
833,2014-12-01,4,positive,11,0.7333333333333333
834,2014-12-01,6,negative,11,0.3142857142857143
835,2014-12-01,6,neutral,3,0.08571428571428572
836,2014-12-01,6,positive,21,0.6
837,2014-12-01,8,negative,3,0.07692307692307693
838,2014-12-01,8,neutral,1,0.02564102564102564
839,2014-12-01,8,positive,35,0.8974358974358975
840,2015-01-01,0,negative,16,0.2318840579710145
841,2015-01-01,0,neutral,11,0.15942028985507245
842,2015-01-01,0,positive,42,0.6086956521739131
843,2015-01-01,2,negative,4,0.125
844,2015-01-01,2,neutral,3,0.09375
845,2015-01-01,2,positive,25,0.78125
846,2015-01-01,4,negative,3,0.14285714285714285
847,2015-01-01,4,positive,18,0.8571428571428571
848,2015-01-01,6,negative,8,0.22857142857142856
849,2015-01-01,6,neutral,3,0.08571428571428572
850,2015-01-01,6,positive,24,0.6857142857142857
851,2015-01-01,8,negative,2,0.0392156862745098
852,2015-01-01,8,neutral,1,0.0196078431372549
853,2015-01-01,8,positive,48,0.9411764705882353
854,2015-02-01,0,negative,10,0.1694915254237288
855,2015-02-01,0,neutral,12,0.2033898305084746
856,2015-02-01,0,positive,37,0.6271186440677966
857,2015-02-01,2,negative,7,0.22580645161290322
858,2015-02-01,2,neutral,1,0.03225806451612903
859,2015-02-01,2,positive,23,0.7419354838709677
860,2015-02-01,4,negative,3,0.17647058823529413
861,2015-02-01,4,positive,14,0.8235294117647058
862,2015-02-01,6,negative,6,0.15384615384615385
863,2015-02-01,6,neutral,5,0.1282051282051282
864,2015-02-01,6,positive,28,0.717948717948718
865,2015-02-01,8,negative,2,0.08
866,2015-02-01,8,positive,23,0.92
867,2015-03-01,0,negative,11,0.21568627450980393
868,2015-03-01,0,neutral,11,0.21568627450980393
869,2015-03-01,0,positive,29,0.5686274509803921
870,2015-03-01,2,negative,2,0.0625
871,2015-03-01,2,neutral,5,0.15625
872,2015-03-01,2,positive,25,0.78125
873,2015-03-01,4,negative,5,0.1724137931034483
874,2015-03-01,4,neutral,2,0.06896551724137931
875,2015-03-01,4,positive,22,0.7586206896551724
876,2015-03-01,6,negative,1,0.034482758620689655
877,2015-03-01,6,neutral,4,0.13793103448275862
878,2015-03-01,6,positive,24,0.8275862068965517
879,2015-03-01,8,negative,2,0.05714285714285714
880,2015-03-01,8,positive,33,0.9428571428571428
881,2015-04-01,0,negative,13,0.23214285714285715
882,2015-04-01,0,neutral,8,0.14285714285714285
883,2015-04-01,0,positive,35,0.625
884,2015-04-01,2,negative,6,0.125
885,2015-04-01,2,neutral,6,0.125
886,2015-04-01,2,positive,36,0.75
887,2015-04-01,4,negative,1,0.05555555555555555
888,2015-04-01,4,positive,17,0.9444444444444444
889,2015-04-01,6,negative,3,0.0967741935483871
890,2015-04-01,6,neutral,4,0.12903225806451613
891,2015-04-01,6,positive,24,0.7741935483870968
892,2015-04-01,8,negative,1,0.04
893,2015-04-01,8,positive,24,0.96
894,2015-05-01,0,negative,15,0.2830188679245283
895,2015-05-01,0,neutral,6,0.11320754716981132
896,2015-05-01,0,positive,32,0.6037735849056604
897,2015-05-01,2,negative,5,0.15151515151515152
898,2015-05-01,2,neutral,2,0.06060606060606061
899,2015-05-01,2,positive,26,0.7878787878787878
900,2015-05-01,4,negative,5,0.22727272727272727
901,2015-05-01,4,neutral,1,0.045454545454545456
902,2015-05-01,4,positive,16,0.7272727272727273
903,2015-05-01,6,negative,3,0.15
904,2015-05-01,6,neutral,4,0.2
905,2015-05-01,6,positive,13,0.65
906,2015-05-01,8,neutral,1,0.045454545454545456
907,2015-05-01,8,positive,21,0.9545454545454546
908,2015-06-01,0,negative,14,0.3181818181818182
909,2015-06-01,0,neutral,9,0.20454545454545456
910,2015-06-01,0,positive,21,0.4772727272727273
911,2015-06-01,2,negative,8,0.34782608695652173
912,2015-06-01,2,neutral,3,0.13043478260869565
913,2015-06-01,2,positive,12,0.5217391304347826
914,2015-06-01,4,negative,2,0.1111111111111111
915,2015-06-01,4,neutral,2,0.1111111111111111
916,2015-06-01,4,positive,14,0.7777777777777778
917,2015-06-01,6,negative,6,0.1935483870967742
918,2015-06-01,6,positive,25,0.8064516129032258
919,2015-06-01,8,neutral,1,0.037037037037037035
920,2015-06-01,8,positive,26,0.9629629629629629
921,2015-07-01,0,negative,11,0.2682926829268293
922,2015-07-01,0,neutral,9,0.21951219512195122
923,2015-07-01,0,positive,21,0.5121951219512195
924,2015-07-01,2,negative,6,0.15
925,2015-07-01,2,neutral,5,0.125
926,2015-07-01,2,positive,29,0.725
927,2015-07-01,4,negative,2,0.1111111111111111
928,2015-07-01,4,neutral,3,0.16666666666666666
929,2015-07-01,4,positive,13,0.7222222222222222
930,2015-07-01,6,negative,5,0.15625
931,2015-07-01,6,neutral,7,0.21875
932,2015-07-01,6,positive,20,0.625
933,2015-07-01,8,positive,25,1.0
934,2015-08-01,0,negative,14,0.3888888888888889
935,2015-08-01,0,neutral,6,0.16666666666666666
936,2015-08-01,0,positive,16,0.4444444444444444
937,2015-08-01,2,negative,7,0.25925925925925924
938,2015-08-01,2,neutral,3,0.1111111111111111
939,2015-08-01,2,positive,17,0.6296296296296297
940,2015-08-01,4,negative,1,0.05
941,2015-08-01,4,positive,19,0.95
942,2015-08-01,6,negative,6,0.17647058823529413
943,2015-08-01,6,neutral,4,0.11764705882352941
944,2015-08-01,6,positive,24,0.7058823529411765
945,2015-08-01,8,neutral,1,0.041666666666666664
946,2015-08-01,8,positive,23,0.9583333333333334
